luna,base,peak,offpeak,max_zi,min_zi,max_interval,min_interval,zile_negative,zile
2015-01,39.528,49.127,29.931,59.02,22.09,67.8,0.22,0,31
2015-02,37.095,44.833,29.358,46.25,18.92,64.15,0.23,0,28
2015-03,32.322,38.487,26.144,42.52,10.76,62.96,0.23,0,31
2015-04,26.345,27.426,25.264,39.74,5.93,56.92,0,1,30
2015-05,27.56,29.012,26.107,38.43,10.49,55.74,0.23,0,31
2015-06,32.92,36.075,29.766,43.02,14.15,55.93,2.78,0,30
2015-07,41.657,45.384,37.93,52.39,29.49,60.78,11.38,0,30
2015-08,40.766,45.926,35.606,53.41,25.2,63.2,2.71,0,30
2015-09,41.217,46.496,35.938,53.75,16.8,62.16,0.23,0,29
2015-10,39.209,45.033,33.407,50.72,23.61,63.45,1.59,0,31
2015-11,36.64,42.64,30.638,50.28,14.83,63.46,0.22,0,29
2015-12,41.137,48.684,33.59,52.87,25.85,66.23,0.88,0,31
2016-01,40.707,48.877,32.538,52.06,10.66,61.97,0.22,0,31
2016-02,26.38,31.981,20.78,41.24,13.13,51.84,0.2,0,29
2016-03,26.279,30.267,22.291,36,10.74,58.75,0.78,0,30
2016-04,28.939,30.381,27.497,40.67,18.59,53.38,6.92,0,30
2016-05,27.529,29.344,25.711,35.75,15.66,55.16,2.23,0,30
2016-06,29.879,32.813,26.944,38.3,20.28,48.48,6.61,0,30
2016-07,30.663,32.66,28.667,39.11,10.9,49.62,0.02,0,31
2016-08,31.594,34.676,28.511,39.84,24.18,54.04,10.6,0,31
2016-09,35.773,39.152,32.393,43.29,27.75,57.54,16.72,0,30
2016-10,42.286,47.089,37.493,55.91,28.28,67.38,1.11,0,31
2016-11,37.25,43.266,31.237,51.62,7.13,70.9,0.22,0,30
2016-12,43.049,50.269,35.828,62.2,12.46,74.68,0.22,0,31
2017-01,74.991,91.876,58.105,112.06,34.68,145.01,8.85,0,31
2017-02,53.905,65.609,42.202,109.86,24.29,151.09,4.43,0,28
2017-03,36.393,41.583,31.201,54.94,16.32,73.6,1.54,0,31
2017-04,38.026,40.131,35.923,51.61,15.47,69.32,1.11,0,30
2017-05,42.544,46.142,38.946,56.17,17.59,70.59,0.13,0,31
2017-06,42.434,48.263,36.605,57.31,23,71.59,6.99,0,30
2017-07,50.435,58.376,42.492,65.7,33.9,87.58,0.22,0,30
2017-08,56.932,68.277,45.587,97.72,16.73,125.04,2.18,0,31
2017-09,42.996,49.383,36.612,67.82,32.36,108.74,4.93,0,30
2017-10,47.239,56.56,37.919,79.65,20.78,124.13,0.22,0,31
2017-11,55.458,71.91,39.008,76.98,19.14,126.17,2.16,0,30
2017-12,36.87,48.178,25.564,59.87,11.95,104.98,0.1,0,31
2018-01,33.468,42.778,24.156,50.37,4.99,69,0.02,0,31
2018-02,38.268,45.47,31.067,52.35,13.14,73.17,0.02,0,28
2018-03,33.471,40.269,26.674,64.8,4.56,91.49,0,1,31
2018-04,26.039,27.266,24.814,40.36,3.01,61.41,0,2,30
2018-05,40.865,44.446,37.286,60,7.44,83.96,0,1,31
2018-06,47.599,52.978,42.219,61.27,29.61,85.86,7.73,0,30
2018-07,39.106,43.539,34.672,52.17,12.85,64.8,1.29,0,30
2018-08,52.273,58.148,46.4,69.12,33.05,87.43,6.49,0,31
2018-09,59.453,66.465,52.443,75.53,32.82,117.2,0.02,0,30
2018-10,61.668,71.736,51.622,74.4,40.83,115.09,10.71,0,31
2018-11,60.599,72.463,48.736,85.51,48,124.95,0.64,0,30
2018-12,64.158,74.804,53.514,87.29,31.8,124.79,9.72,0,31
2019-01,75.009,89.675,60.343,108.3,46.03,138.82,7.92,0,31
2019-02,48.603,55.838,41.369,62.54,37.74,85.44,15.39,0,28
2019-03,38.469,43.012,33.936,52.21,18.99,77.96,1.02,0,31
2019-04,45.081,47.929,42.235,60.03,25.59,84.2,1.05,0,30
2019-05,40.734,42.634,38.834,55.02,7.01,75.02,0,1,31
2019-06,38.867,44.167,33.564,56.14,16.25,77.93,0.02,0,30
2019-07,55.295,61.526,49.061,64.12,41.08,84.61,17.88,0,31
2019-08,60.187,68.653,51.723,97.35,40.96,135.03,0.21,0,31
2019-09,60.642,68.974,52.309,122.1,40.79,158.39,14,0,30
2019-10,57.365,66.3,48.444,69.74,36.52,128.89,17.59,0,31
2019-11,42.704,51.343,34.067,61.27,29.19,134.95,0.21,0,30
2019-12,40.886,49.945,31.828,61.9,18.61,125.4,0.02,0,31
2020-01,52.796,60.179,45.414,72.79,29.42,104.62,12.77,0,31
2020-02,40.523,45.322,35.723,52.48,31.3,71.5,11.21,0,29
2020-03,29.664,32.646,26.681,39.49,15.42,63.87,1.15,0,31
2020-04,25.51,25.236,25.785,36.75,4.37,83.25,0,1,30
2020-05,24.856,24.583,25.129,35.68,10.67,65.88,0.02,0,31
2020-06,30.317,32.145,28.487,42.71,17.04,55.34,4.8,0,30
2020-07,37.076,39.174,34.979,49.85,23.07,61.33,9.92,0,31
2020-08,37.875,40.452,35.301,52.4,27.67,84.11,10.17,0,31
2020-09,45.854,50.26,41.448,60.1,29.9,113.21,18.06,0,30
2020-10,41.926,48.075,35.803,57.72,13.95,92.74,0.4,0,31
2020-11,48.628,57.667,39.589,79.59,20.09,120.09,0.14,0,30
2020-12,58.373,72.847,43.898,103.46,31.32,150.02,3.05,0,31
2021-01,55.679,65.512,45.848,79.07,38.11,123.31,4.75,0,31
2021-02,48.091,56.182,40.001,62.73,23.99,104.22,0.21,0,28
2021-03,54.457,57.522,51.396,63.01,43.31,97.91,26.05,0,31
2021-04,62.797,63.593,62.001,81.9,33.52,120.87,0.02,0,30
2021-05,58.742,58.031,59.454,75.72,22.03,98.5,1.98,0,31
2021-06,76.945,78.49,75.403,108.81,31.11,153.47,0.2,0,30
2021-07,93.842,99.702,87.986,131.11,61.9,180.05,27.71,0,31
2021-08,112.696,122.769,102.622,162.13,79.98,214.26,14.99,0,31
2021-09,133.448,142.799,124.096,168.22,96.87,242.96,19.61,0,29
2021-10,191.918,211.962,171.893,263.89,74.79,350,3.77,0,29
2021-11,213.747,253.049,174.444,283.29,138.83,404.11,32.98,0,29
2021-12,230.211,287.768,172.654,428.24,95.11,542.5,9.7,0,31
2022-01,191.999,227.385,156.614,295.12,71.76,399.46,7.07,0,31
2022-02,188.507,206.698,170.315,250.3,126.95,364.07,7.66,0,28
2022-03,274.22,289.893,258.656,540.29,120.63,663.96,1.26,0,31
2022-04,174.303,171.51,177.095,245.2,83.6,450.05,0.45,0,30
2022-05,202.248,194.178,210.319,268.5,147.95,424.51,13.57,0,31
2022-06,230.195,229.321,231.069,361.83,119.97,479,20.23,0,30
2022-07,367.189,376.665,357.711,528,107.57,770.11,20.48,0,31
2022-08,490.434,503.687,477.181,738.28,216.59,964.21,86.52,0,31
2022-09,376.605,399.27,353.941,591.62,134.41,742.72,28.45,0,29
2022-10,206.165,225.226,187.121,357.24,107.98,696.38,30.53,0,31
2022-11,225.852,267.198,184.507,382.24,139.22,503.55,44.7,0,29
2022-12,247.792,313.905,181.678,444.56,34.44,708.58,0.17,0,31
2023-01,136.19,169.094,103.286,198.89,17.87,362.31,0,1,31
2023-02,142.511,151.469,133.553,172.76,72.34,317.66,1.01,0,28
2023-03,108.479,107.916,109.097,158.1,26.66,217.09,0.45,0,31
2023-04,97.436,89.125,105.747,126.47,46.77,209.6,0.02,0,30
2023-05,87.599,76.077,99.124,124.28,28.19,273.36,-23.18,4,30
2023-06,85.129,74.672,95.587,118.36,44.47,183.68,-16.96,3,30
2023-07,96.842,90.615,103.07,135.88,23.1,270.49,-0.04,4,31
2023-08,100.669,95.584,105.753,168.62,40.14,384.82,0,1,30
2023-09,103.185,101.597,104.776,145.4,68.08,436.89,-0.09,2,30
2023-10,106.094,115.238,96.973,172.59,45.42,313.59,-1.1,1,31
2023-11,102.151,121.709,82.592,149.4,24.82,259.96,0,1,30
2023-12,80.95,98.699,63.2,131.43,3.97,231.37,-0.01,2,31
2024-01,87.671,97.569,77.771,119.71,16.22,190.96,0,1,31
2024-02,69.755,73.226,66.286,97.08,48.97,130.97,7.67,0,29
2024-03,63.44,60.607,66.315,83.37,31.61,165.02,-1.8,2,31
2024-04,59.991,48.31,71.671,101.99,17.88,196.53,-65.06,10,30
2024-05,81.701,67.983,95.419,103.64,20.5,208.06,-106.36,7,31
2024-06,96.831,78.031,115.634,203.39,38.77,421.93,-10.08,6,29
2024-07,143.649,123.558,163.741,244.74,71.35,916.72,-4.02,3,30
2024-08,126.911,118.748,135.074,196.12,65.29,763.79,-0.42,2,31
2024-09,109.485,112.118,106.851,246.89,33.85,1021.61,-3.95,4,30
2024-10,89.695,95.078,84.322,151.37,29.2,325.34,-12.62,3,31
2024-11,166.99,207.211,126.769,334.98,96.32,775.01,29.89,0,29
2024-12,141.083,168.455,113.71,326.84,86.13,843.29,13.47,0,31
2025-01,139.446,157.618,121.274,241.89,88.04,603.3,13.13,0,31
2025-02,157.186,166.278,148.095,208.04,114.07,471.56,50.11,0,28
2025-03,106.364,96.391,116.37,141.71,42.3,326.71,-23.53,3,31
2025-04,86.436,63.95,108.921,131.39,46.41,308,-100.46,15,30
2025-05,87.199,61.12,113.278,154.94,33.85,361.77,-15,7,30
2025-06,86.134,56.293,115.976,119.02,50.29,408.74,-39.63,8,30
2025-07,103.503,88.19,118.814,142.64,69.61,419.08,-0.01,5,31
2025-08,78.295,53.926,102.663,104.4,50.11,304.92,-60.57,14,31
2025-09,97.054,88.615,105.496,151.51,34.31,425.83,-53.4,8,30
2025-10,121.855,139.191,108.885,188.1,66.09,561.15,0.01,0,30
2025-11,121.481,138.072,109.036,156.83,82.21,362.76,5.12,0,30
2025-12,117.642,130.495,108.001,164.28,86.08,392.9,24.41,0,31
2026-01,150.512,172.93,133.697,282.33,73.26,524.76,10.23,0,31
2026-02,99.749,109.631,92.338,153.79,29.63,392.6,-0.04,1,28
2026-03,105.198,107.379,103.6,155.42,53.37,379.59,-6.3,10,30
2026-04,95.552,91.002,98.966,156.26,31.16,332.22,-99.75,16,30
2026-05,109.562,103.083,114.424,144.45,72.4,400,-10.25,14,31
2026-06,122.988,131.869,116.327,293.44,46.03,1015.65,-52.99,9,30
2026-07,120.138,115.735,123.438,227.67,72.85,835.91,-10.97,8,31
2026-08,151.162,151.385,150.993,188.24,95.15,569.73,-0.03,4,31
2026-09,176.142,174.935,177.047,237.61,113.54,656.42,-3.04,3,30
2026-10,160.502,157.895,162.463,164.48,154.65,322.63,0.69,0,4
